{"stats":{"minecraft:custom":{"minecraft:mob_kills":3,"minecraft:tune_noteblock":5,"minecraft:open_barrel":3,"minecraft:interact_with_lightbulb":856,"minecraft:play_one_minute":909814,"minecraft:interact_with_loom":1,"minecraft:leave_game":71,"minecraft:time_since_death":909814,"minecraft:climb_one_cm":2728,"minecraft:interact_with_workstation":228,"minecraft:time_since_rest":909814,"minecraft:sprint_one_cm":1164502,"minecraft:damage_taken":210,"minecraft:walk_one_cm":1008241,"minecraft:drop":2,"minecraft:damage_dealt":680,"minecraft:fly_one_cm":4681145,"minecraft:open_chest":44,"minecraft:crouch_one_cm":40405,"minecraft:sneak_time":20172,"minecraft:interact_with_sink":41,"minecraft:jump":4853,"minecraft:walk_on_water_one_cm":1659,"minecraft:fall_one_cm":28566},"minecraft:used":{"minecraft:netherite_sword":8,"minecraft:writable_book":1,"greenschoolsmod:blackboard_bottom_cx":42,"greenschoolsmod:blackboard_bottom_dx":19,"greenschoolsmod:table_two_leg":77,"minecraft:spruce_door":16,"minecraft:brick_wall":111,"minecraft:birch_planks":137,"minecraft:polished_andesite":6,"minecraft:redstone":1,"minecraft:oak_planks":145,"minecraft:chest":7,"greenschoolsmod:table_zero_leg":23,"minecraft:stone":30,"minecraft:debug_stick":356,"greenschoolsmod:chair":324,"minecraft:diamond_block":2,"minecraft:orange_carpet":149,"minecraft:dirt":1,"minecraft:tnt":4,"minecraft:loom":1,"minecraft:red_bed":2,"greenschoolsmod:blackboard_bottom_sx":19,"minecraft:birch_sign":21,"minecraft:note_block":4,"minecraft:painting":27,"minecraft:light_blue_stained_glass":2,"greenschoolsmod:dropped_paper":42,"minecraft:birch_fence":15,"greenschoolsmod:black_bin":29,"minecraft:black_concrete":4,"greenschoolsmod:plastic_bin":52,"minecraft:bricks":41,"minecraft:warped_trapdoor":68,"minecraft:bookshelf":29,"minecraft:birch_slab":29,"minecraft:command_block":3,"greenschoolsmod:sink":12,"minecraft:heavy_weighted_pressure_plate":3,"minecraft:lantern":27,"minecraft:grass_block":7,"minecraft:spruce_button":1,"minecraft:barrier":173,"minecraft:stone_button":3,"minecraft:dark_oak_leaves":2,"greenschoolsmod:blackboard_top_dx":15,"greenschoolsmod:sofa":52,"greenschoolsmod:workstation":76,"minecraft:iron_door":8,"greenschoolsmod:waste_bin":63,"minecraft:barrel":1,"greenschoolsmod:paper_bin":55,"minecraft:emerald_block":2,"greenschoolsmod:table_four_leg":307,"minecraft:written_book":7,"greenschoolsmod:water":13,"minecraft:soul_soil":5,"minecraft:cyan_stained_glass_pane":390,"minecraft:white_banner":6,"greenschoolsmod:blackboard_top_sx":18,"minecraft:podzol":12,"minecraft:lapis_block":10,"minecraft:gold_block":13,"minecraft:egg":28,"minecraft:white_concrete":18,"greenschoolsmod:lightbulb":267,"minecraft:birch_stairs":7,"greenschoolsmod:blackboard_top_cx":40},"minecraft:picked_up":{"greenschoolsmod:gloves":1,"minecraft:leather":3,"minecraft:orange_carpet":1,"minecraft:lead":2,"minecraft:lantern":2,"minecraft:egg":1,"minecraft:debug_stick":1,"minecraft:stone_button":1,"minecraft:painting":1},"minecraft:killed":{"minecraft:wandering_trader":1,"minecraft:trader_llama":2},"minecraft:dropped":{"minecraft:debug_stick":1,"minecraft:dark_oak_leaves":1},"minecraft:mined":{"greenschoolsmod:black_bin":114,"greenschoolsmod:dropped_paper":125}},"DataVersion":2586}