{"stats":{"minecraft:used":{"minecraft:oak_log":6,"minecraft:glass":3,"minecraft:black_concrete":261,"minecraft:birch_planks":39,"minecraft:lantern":75,"minecraft:grass_block":45,"greenschoolsmod:workstation":1,"minecraft:white_concrete":137,"minecraft:light_blue_stained_glass":50,"minecraft:bell":2},"minecraft:dropped":{"minecraft:dandelion":3},"minecraft:picked_up":{"minecraft:stick":2,"minecraft:leather":4,"minecraft:wheat_seeds":63,"minecraft:dandelion":3,"minecraft:pink_tulip":5,"minecraft:oxeye_daisy":4,"minecraft:sunflower":1},"minecraft:custom":{"minecraft:time_since_rest":50350,"minecraft:play_one_minute":50350,"minecraft:crouch_one_cm":3347,"minecraft:sprint_one_cm":37854,"minecraft:walk_one_cm":50571,"minecraft:sneak_time":3932,"minecraft:drop":1,"minecraft:jump":158,"minecraft:leave_game":2,"minecraft:time_since_death":50350,"minecraft:fly_one_cm":1377223}},"DataVersion":2586}